{"scale_value": 3.696789338459548e-06, "scale_min": -0.11591282970739912}